,France,Germany,Poland,Russian Federation
CO2 emissions (kt),-0.8959352145729826,-0.8176393774435552,-0.21090443842846568,0.27179765224382985
CO2 emissions (metric tons per capita),-0.9069773891949968,-0.8131799522627896,-0.14890544342218104,0.1290990557861659
CO2 emissions from transport (% of total fuel combustion),0.4952782483507294,0.20094286019068963,0.6878338864037871,0.7007007468748155
CO2 intensity (kg per kg of oil equivalent energy use),-0.646143742183713,0.25546770604809127,-0.7514711274452288,-0.7451413482729189
Combustible renewables and waste (% of total energy),0.6092764861542431,0.6702534473458325,0.7267959039697546,-0.7143600163747797
GDP (constant 2015 US$),1.0,1.0,1.0,1.0
